"parkrecordid","recordcode","recordstate","d","entryid","exitid","entrydatasource","exitdatasource","entrytime","exittime","parkid","berthid","carid","platenumber","cartype","carcolor","shouldpay","actualpay","agiopay","illegal","createdtime","operationid","updatedtime","parktype","areaid","parentparkid","tag","mq_time","etl_time","production_time","state","dt"
"1643671896625679908","4711d27d31864ac8835eb77b034fe60b","0","\N","1643670295581368998","1646941905145897816","11","11","2019-09-03 23:50:44","2019-10-10 02:31:34","1620810341778735108","1620810593634093391","1968666809750490624","冀GAG731","0","\N","0","0","0","\N","2019-09-04 00:21:12","1593521378449416192","2019-10-10 02:36:35","1","281479271743488","1620806943859818498","update","1570646195639","2019-10-11 00:56:51","1570646195621","1","20191010"
"1645368878691078064","cbd8685d8d54422e817bdff1253f1a61","0","\N","1645368878676388083","1646953957827629126","11","11","2019-09-22 17:48:55","2019-10-10 05:43:07","1636131516218741318","1636738810451247331","1966459230920151552","京QHG779","0","\N","0","0","0","\N","2019-09-22 17:54:01","1593521378449416192","2019-10-10 05:53:50","1","281479272005632","1636128449978044980","update","1570658030673","2019-10-11 00:56:51","1570658030663","1","20191010"
"1645633873666283043","44110bae5e9f4779a357b179bd9700e5","0","\N","1645633873657024890","1646990234347198500","11","11","2019-09-25 16:00:58","2019-10-10 15:19:44","1637298046923052499","1637298185129609147","1966437003113828608","京LAR377","0","\N","0","0","0","\N","2019-09-25 16:06:00","1593521378449416192","2019-10-10 15:24:45","1","281479272005632","1637291840635540865","update","1570692285915","2019-10-11 00:56:51","1570692285908","1","20191010"
"1645638796805050348","0e92f4be62fd4260ad84d32ea1cd1977","0","\N","1645637928631491012","1646967085156083430","11","9","2019-09-25 17:04:58","2019-10-10 09:05:38","1619821003184029744","1621627467912286975","1966446863234682368","京N5NF81","0","\N","0","0","0","\N","2019-09-25 17:24:15","1593521378449416192","2019-10-10 09:16:49","1","281479272136704","1619641467715731732","update","1570670209145","2019-10-11 00:56:51","1570670209128","1","20191010"
"1645711550514366149","1d12aa1a12394dd8a072a55d3d7e46c9","0","\N","1645711550503004861","1646965301870143811","11","11","2019-09-26 12:35:36","2019-10-10 08:43:26","1636125944146694671","1636125996219023483","1966446454201946624","京NTZ979","0","\N","0","0","0","\N","2019-09-26 12:40:38","1593521378449416192","2019-10-10 08:48:28","1","281479272005632","1636123224909156849","update","1570668508460","2019-10-11 00:56:51","1570668508453","1","20191010"
"1645719097820485776","e4fe154573f9499d83a34ddae3044b25","0","\N","1645719097816473024","1646960449209325738","9","12","2019-09-26 13:49:03","2019-10-10 07:29:19","1636131516218741318","1636738775629086931","1966428309561069184","京JDP282","0","\N","0","0","0","\N","2019-09-26 14:40:36","1593521378449416192","2019-10-10 07:31:20","1","281479272005632","1636128449978044980","update","1570663880609","2019-10-11 00:56:51","1570663880598","1","20191010"
"1645776419459598145","ef8b4c2598a44a4b98e72f840ca6ee57","0","\N","1645776419449295458","1647009068600876027","11","11","2019-09-27 05:46:39","2019-10-10 20:19:05","1622078786553806866","1622078913176758403","1972590663153717632","皖CX1938","0","\N","0","0","0","\N","2019-09-27 05:51:42","1593521378449416192","2019-10-10 20:24:07","1","281479271743488","1621185167084241032","update","1570710247673","2019-10-11 00:56:51","1570710247662","1","20191010"
"1645878551383808561","b6851c503bc9409da4804b4d250066a2","0","\N","1645878551374552565","1647021335548613368","11","9","2019-09-28 08:49:57","2019-10-10 22:27:50","1637216285738276002","1637216301759514324","1966455724605705728","京P7A251","0","\N","0","0","0","\N","2019-09-28 08:55:02","1593521378449416192","2019-10-10 23:39:06","1","281479272005632","1637216137219019929","update","1570721946354","2019-10-11 00:56:51","1570721946340","1","20191010"
"1645973523378373806","8179f85653584f058a24868ed97f04a5","0","\N","1645973523363877453","1646983568703707148","11","11","2019-09-29 09:59:33","2019-10-10 13:33:47","1622620813998965419","1622621325621201295","1966446660588867840","京NZ0Q17","0","\N","0","0","0","\N","2019-09-29 10:04:35","1593521378449416192","2019-10-10 13:38:49","1","281479271743488","1622619016330756768","update","1570685929064","2019-10-11 00:56:51","1570685929060","1","20191010"
"1645994864727129403","a08aacbf43ee4937b04c43f679766b5d","0","\N","1645994864712441807","1646970856806361236","11","11","2019-09-29 15:38:42","2019-10-10 10:11:42","1621239532855771319","1622059527343794043","1966446385207660928","京NRY628","0","\N","0","0","0","\N","2019-09-29 15:43:47","1593521378449416192","2019-10-10 10:16:46","1","281479271809024","1621239431020167350","update","1570673806078","2019-10-11 00:56:51","1570673806060","1","20191010"
"1646000609096800600","9df77b8d3b074702a974ddb3ac7280ed","0","\N","1646000609085433592","1646987904394538124","11","11","2019-09-29 17:10:02","2019-10-10 14:42:39","1636128554653192757","1636735488290897948","1966437520923726336","京LP0279","0","\N","0","0","0","\N","2019-09-29 17:15:06","1593521378449416192","2019-10-10 14:47:43","1","281479272005632","1636128449978044980","update","1570690063901","2019-10-11 00:56:51","1570690063892","1","20191010"
"1646098682650391766","f9b544ed7b1d486cb7dd6232c133016f","0","\N","1646098682636752347","1646959947443688809","11","11","2019-09-30 19:08:54","2019-10-10 07:18:20","1622909195003118320","1622909210222134955","1966446312994344320","京NPL430","0","\N","0","0","0","\N","2019-09-30 19:13:56","1593521378449416192","2019-10-10 07:23:22","1","281479271743488","1622891088433922774","update","1570663402088","2019-10-11 00:56:51","1570663402070","1","20191010"
"1646114254044700160","3872d4c96d2b44c5afbda171758ca5a3","0","\N","1646114254034391533","1646987111677385075","12","9","2019-09-30 23:16:21","2019-10-10 14:04:50","1636128554653192757","1636735433008926711","1966459819601105152","京QYX817","0","\N","0","0","0","\N","2019-09-30 23:21:26","1593521378449416192","2019-10-10 14:35:11","1","281479272005632","1636128449978044980","update","1570689311577","2019-10-11 00:56:51","1570689311565","1","20191010"
"1646184653738645357","147dfa35488f4ed1a11d496c8288c23d","0","\N","1646184653729387652","1646976369192414993","4","4","2019-10-01 17:59:39","2019-10-10 11:42:40","1621157424742285401","1621157452715132624","1966460093929377408","京Q6V2Q2","0","\N","0","0","0","\N","2019-10-01 18:00:24","1593521378449416192","2019-10-10 11:44:23","2","281479271809024","1621088769134313535","update","1570679063088","2019-10-11 00:56:51","1570679063078","1","20191010"
"1646190994955869661","f7edafde069a4042b433aacea8773d27","0","\N","1646190994944516028","1646994670349000815","11","11","2019-10-01 19:36:08","2019-10-10 16:30:12","1636123342993494514","1636124373472165905","1966446869202932224","京N599T9","0","\N","0","0","0","\N","2019-10-01 19:41:12","1593521378449416192","2019-10-10 16:35:16","1","281479272005632","1636123224909156849","update","1570696516425","2019-10-11 00:56:51","1570696516414","1","20191010"
"1646238468056905032","093f9250b30e4a30896fe30dd31a2610","0","\N","1646238468048495773","1647019445154832015","9","9","2019-10-01 21:14:00","2019-10-10 22:50:50","1637191447359394573","1637191867861486538","1968663415585460608","冀F38B28","0","\N","0","0","0","\N","2019-10-02 08:15:46","1593521378449416192","2019-10-10 23:09:03","1","281479272005632","1637191337112113932","update","1570720143540","2019-10-11 00:56:51","1570720143516","1","20191010"
"1646243000354700109","1e85ed41f12d4b0396b4cd2037d80aec","0","\N","1646243000347350646","1646959190583618339","9","9","2019-10-02 09:11:55","2019-10-10 06:15:20","1621247317182005510","1621264803692372022","1966398421147848320","京C36052","0","\N","0","0","0","\N","2019-10-02 09:27:48","1593521378449416192","2019-10-10 07:11:20","1","281479271809024","1621246474194010363","update","1570662680277","2019-10-11 00:56:51","1570662680266","1","20191010"
"1646246766512348599","887fde94707744d4a59683aa21564b48","0","\N","1646246766504126370","1646960560253510764","11","11","2019-10-02 10:22:29","2019-10-10 07:28:04","1622361766248624195","1622361884626620727","1966446731447177728","京N18ML9","0","\N","0","0","0","\N","2019-10-02 10:27:40","1593521378449416192","2019-10-10 07:33:06","1","281479271809024","1621236720895803558","update","1570663986504","2019-10-11 00:56:51","1570663986494","1","20191010"
"1646247190068032102","9491ee04dd2941f0a78d3a6ae52d1b2e","0","\N","1646247190054382215","1646982612306962624","11","9","2019-10-02 10:29:22","2019-10-10 13:21:10","1637367364356544110","1637367399979863376","1966406286585646464","京ECV560","0","\N","0","0","0","\N","2019-10-02 10:34:24","1593521378449416192","2019-10-10 13:23:36","1","281479272071168","1637366871435646568","update","1570685016971","2019-10-11 00:56:51","1570685016965","1","20191010"
"1646248940099433910","6a77a0bec71e49bca74e3f5298adf14c","0","\N","1646248940093122327","1646959239858301793","9","9","2019-10-02 10:55:45","2019-10-10 06:15:50","1621247317182005510","1621264803850707013","1966446967926476160","京N8TG00","0","\N","0","0","0","\N","2019-10-02 11:02:13","1593521378449416192","2019-10-10 07:12:07","1","281479271809024","1621246474194010363","update","1570662727294","2019-10-11 00:56:51","1570662727259","1","20191010"
"1646257580016485608","67d1601adee249d6a5e04bbd212c9676","0","\N","1646257580005991253","1646984319190509788","11","11","2019-10-02 13:14:30","2019-10-10 13:45:43","1620637221485822056","1622988120721810541","1966428793816436864","京JR1126","0","\N","0","0","0","\N","2019-10-02 13:19:32","1593521378449416192","2019-10-10 13:50:44","1","281479271743488","1620634698643423317","update","1570686644789","2019-10-11 00:56:51","1570686644782","1","20191010"
"1646258266933380604","59a93084396b479bbfb17770ac550fea","0","\N","1646258266912411843","1646965417458870869","12","12","2019-10-02 13:25:23","2019-10-10 08:49:51","1637210832570553313","1637211665731338663","1966446689600426368","京N0G0A8","0","\N","0","0","0","\N","2019-10-02 13:30:27","1593521378449416192","2019-10-10 08:50:18","1","281479272005632","1637210760758825951","update","1570668618702","2019-10-11 00:56:51","1570668618693","1","20191010"
"1646259672052303145","e540908ae0514f6cb5ad8f0e3a5f3f51","0","\N","1646259672035697203","1646933270960351605","11","11","2019-10-02 13:47:44","2019-10-10 00:14:18","1637278795445179664","1637279115156046336","1966460091794526592","京Q6N8T8","0","\N","0","0","0","\N","2019-10-02 13:52:47","1593521378449416192","2019-10-10 00:19:21","1","281479272005632","1637278657118082319","update","1570637961418","2019-10-11 00:56:51","1570637961401","1","20191010"
"1646261306817943250","855e7d81af6d4f2f8cd03c4bd8548706","0","\N","1646261306813929067","1646970951618603411","9","12","2019-10-02 14:18:29","2019-10-10 10:13:10","1622417472772653607","1622417531517010295","1966446896510177408","京N6JA76","0","\N","0","0","0","\N","2019-10-02 14:18:46","1593521378449416192","2019-10-10 10:18:16","1","281479271809024","1622417355432804902","update","1570673896475","2019-10-11 00:56:51","1570673896467","1","20191010"
"1646263302754048515","747660e82f2e49bd9f4f80c02faff5c2","0","\N","1646263302743741609","1646974520350560661","11","9","2019-10-02 14:45:27","2019-10-10 11:13:55","1636131516218741318","1636738810385187037","1966459956754746880","京Q2W0V1","0","\N","0","0","0","\N","2019-10-02 14:50:30","1593521378449416192","2019-10-10 11:14:59","1","281479272005632","1636128449978044980","update","1570677299887","2019-10-11 00:56:51","1570677299878","1","20191010"
"1646265231168323827","e4d85214797a4873a89b6eebbf69c15c","0","\N","1646265231162026288","1646960272844085058","9","11","2019-10-02 09:23:28","2019-10-10 07:23:29","1623432110001898389","1623432166346065355","1966445967790526720","京NFF627","0","\N","0","0","0","\N","2019-10-02 15:21:09","1593521378449416192","2019-10-10 07:28:32","1","281479271743488","1623419803568980857","update","1570663712410","2019-10-11 00:56:51","1570663712401","1","20191010"
"1646279170241427164","7d93097604cf47bcae423b81af7c82f3","0","\N","1646279170228822645","1646966647009663182","11","11","2019-10-02 18:57:40","2019-10-10 09:04:49","1634849132173201463","1634849210951716836","1966459443774558464","京QN50T7","0","\N","0","0","0","0","2019-10-02 19:02:42","1593521378449416192","2019-10-10 09:09:51","1","281479272005632","1634847396417114155","update","1570669791282","2019-10-11 00:56:51","1570669791273","1","20191010"
"1646284784903297220","19b814fadf7348108530f5eb7a5befe6","0","\N","1646284784888797483","1646959213252792373","11","9","2019-10-02 20:26:55","2019-10-10 06:15:50","1621247317182005510","1621264803806666817","1966460094997123584","京Q6ZZ89","0","\N","0","0","0","\N","2019-10-02 20:31:57","1593521378449416192","2019-10-10 07:11:41","1","281479271809024","1621246474194010363","update","1570662702020","2019-10-11 00:56:51","1570662701998","1","20191010"
"1646325965327603886","9aac6e31d9dd40c9a900c9e36118c7f0","0","\N","1646325965317287698","1646968804769342832","11","11","2019-10-03 07:21:27","2019-10-10 09:39:07","1637205703121310585","1637205919279009433","1966433124766633728","京KP7703","0","\N","0","0","0","0","2019-10-03 07:26:29","1593521378449416192","2019-10-10 09:44:09","1","281479272005632","1637203004259701620","update","1570671849075","2019-10-11 00:56:51","1570671849072","1","20191010"
"1646346459511690959","f192f4e4e0994263974396c543fe9db2","0","\N","1646346392513106450","1647016531393860894","12","12","2019-10-03 12:46:06","2019-10-10 22:17:42","1621084372568391717","1621084409608274697","1966459813961928320","京QYC752","0","\N","0","0","0","\N","2019-10-03 12:52:14","1593521378449416192","2019-10-10 22:23:04","1","281479271809024","1621077254349013020","update","1570717384379","2019-10-11 00:56:51","1570717384369","1","20191010"
"1646348291267008837","dd621630265947ad83c28f28ae514dae","0","\N","1646348291256690251","1646982152667879991","11","11","2019-10-03 13:16:19","2019-10-10 13:11:16","1622062087597240341","1622062202303125215","1966459719730450432","京QV92W5","0","\N","0","0","0","\N","2019-10-03 13:21:21","1593521378449416192","2019-10-10 13:16:29","1","281479271809024","1621239431020167350","update","1570684589424","2019-10-11 00:56:51","1570684589414","1","20191010"
"1646350587717829111","4476589d94cf40e9abb459c97a45af1a","0","\N","1646350587707350520","1646973317331886088","11","9","2019-10-03 13:52:50","2019-10-10 10:05:00","1637370580321310383","1637370914465828572","1966446353249095936","京NQ7ZY7","0","\N","0","0","0","\N","2019-10-03 13:57:51","1593521378449416192","2019-10-10 10:55:52","1","281479272071168","1637366871435646568","update","1570676152614","2019-10-11 00:56:51","1570676152600","1","20191010"
"1646352396317455379","4a6cf1a0201d4a32879b90612bb81fea","0","\N","1646352396306962915","1646971413653695769","11","11","2019-10-03 14:21:34","2019-10-10 10:20:35","1637393323130490893","1637393353599009610","1966455518434660352","京P1AW35","0","\N","0","0","0","\N","2019-10-03 14:26:36","1593521378449416192","2019-10-10 10:25:37","1","281479271940096","1637386762236598262","update","1570674337157","2019-10-11 00:56:51","1570674337135","1","20191010"
"1646354202794751697","398d848fc252442ea56136da6073f1d9","0","\N","1646354202788441523","1646990697958287168","9","11","2019-10-03 14:08:45","2019-10-10 15:27:06","1617902846200528945","1621165139682134296","1966454974337044736","京PLV687","0","\N","0","0","0","\N","2019-10-03 14:55:19","1593521378449416192","2019-10-10 15:32:08","1","281479271809024","1617900730022117422","update","1570692728065","2019-10-11 00:56:51","1570692728060","1","20191010"
"1646368668127165486","ddc5b792c72146c38ac9800e74aa706e","0","\N","1646368668120852495","1646993894434220132","9","11","2019-10-03 18:43:15","2019-10-10 16:17:52","1636661558878277667","1636661601563757307","2335714685863027328","鄂HD012警","0","\N","0","0","0","\N","2019-10-03 18:45:14","1593521378449416192","2019-10-10 16:22:56","1","281479272005632","1636658439046959106","update","1570695776445","2019-10-11 00:56:51","1570695776439","1","20191010"
"1646414936261958983","7582f8e0a49d4344b457cc60cc643944","0","\N","1646414936251638162","1646999871727425915","12","12","2019-10-04 06:55:35","2019-10-10 17:52:54","1622612568650564235","1622613728852707224","1966446215780831616","京NM7L18","0","\N","0","0","0","\N","2019-10-04 07:00:39","1593521378449416192","2019-10-10 17:57:56","1","281479271743488","1622612396775326345","update","1570701476911","2019-10-11 00:56:51","1570701476838","1","20191010"
"1646415575445762662","2efeedb102fc40aa989e6391a6f97faa","0","\N","1646415575439450874","1646973110881955209","9","11","2019-10-03 20:25:00","2019-10-10 10:47:34","1622803574386622574","1622803589608121286","1966419757473665024","京HK2115","0","\N","0","0","0","\N","2019-10-04 07:10:48","1593521378449416192","2019-10-10 10:52:35","1","281479271809024","1621247231206113540","update","1570675955718","2019-10-11 00:56:51","1570675955710","1","20191010"
"1646425667236694551","d783549f603d4fa9a0be9b7663027a63","0","\N","1646425628241384929","1646999618714425018","12","9","2019-10-04 09:45:31","2019-10-10 17:44:46","1621239532855771319","1622059702292408195","1966459341198921088","京QK7K90","0","\N","0","0","0","\N","2019-10-04 09:51:13","1593521378449416192","2019-10-10 17:53:55","1","281479271809024","1621239431020167350","update","1570701235550","2019-10-11 00:56:51","1570701235536","1","20191010"
"1646427970264203262","3dedfcc5d2804da8877ed2668b58098f","0","\N","1646427970246366211","1647000457108610555","11","11","2019-10-04 10:22:45","2019-10-10 18:02:12","1637296279813494208","1637296315871971056","1966455009980255744","京PM0E91","0","\N","0","0","0","\N","2019-10-04 10:27:49","1593521378449416192","2019-10-10 18:13:52","1","281479271874560","1637291267289912677","update","1570702432101","2019-10-11 00:56:51","1570702432093","1","20191010"
"1646432604357563115","88e07c029a994946a49bb1df86f1e14e","0","\N","1646432604345160065","1646963585501179066","11","11","2019-10-04 11:36:26","2019-10-10 08:16:09","1617911062210822324","1623149560829316052","1966459340707761920","京QK56J3","0","\N","0","0","0","\N","2019-10-04 11:41:28","1593521378449416192","2019-10-10 08:21:11","1","281479271743488","1617910936966807730","update","1570666871602","2019-10-11 00:56:51","1570666871589","1","20191010"
"1646441215803687812","0c57d20c5dfb43648588cae3a44c54b6","0","\N","1646441215792325869","1646971194978422999","11","11","2019-10-04 13:53:17","2019-10-10 10:17:03","1635585948170981627","1635585998717634186","1966446591840112896","京NX0C67","0","\N","0","0","0","\N","2019-10-04 13:58:21","1593521378449416192","2019-10-10 10:22:08","1","281479272005632","1635584897720127727","update","1570674128563","2019-10-11 00:56:51","1570674128553","1","20191010"
"1646455581790866228","e8c69925ee1e4362a874767a6cc7fd65","0","\N","1646455581780562055","1646959406962528692","11","11","2019-10-04 17:41:40","2019-10-10 07:09:45","1637381405175060287","1637381431686251482","1966407183430520832","京E28615","0","\N","0","0","0","\N","2019-10-04 17:46:41","1593521378449416192","2019-10-10 07:14:46","1","281479272071168","1637371616380458681","update","1570662886654","2019-10-11 00:56:51","1570662886643","1","20191010"
"1646458559070375891","197ae99a3a1d4bc4b84a3221acad5964","0","\N","1646458559060061044","1646969076627351634","12","12","2019-10-04 18:28:58","2019-10-10 09:48:11","1637386675783604210","1637387217198041643","1966446040542876032","京NHU958","0","\N","0","0","0","\N","2019-10-04 18:34:01","1593521378449416192","2019-10-10 09:48:31","1","281479271940096","1637384727422441395","update","1570672111549","2019-10-11 00:56:51","1570672111545","1","20191010"
"1646460022271155982","2e5b4100d408497f9cb2654c7dfd582e","0","\N","1646460022260849550","1646958878075464032","12","12","2019-10-04 18:52:13","2019-10-10 07:05:50","1637191447359394573","1637191867720977344","1966446593714867968","京NX7A03","0","\N","0","0","0","\N","2019-10-04 18:57:16","1593521378449416192","2019-10-10 07:06:22","1","281479272005632","1637191337112113932","update","1570662382253","2019-10-11 00:56:51","1570662382243","1","20191010"
"1646468862217718730","abb35664c2344b178d53ffc60dd2434d","0","\N","1646468862206368136","1646984673684705755","11","9","2019-10-04 21:12:45","2019-10-10 13:26:15","1637209724952384439","1637209796110893151","1966446145752715648","京NK2108","0","\N","0","0","0","\N","2019-10-04 21:17:47","1593521378449416192","2019-10-10 13:56:22","1","281479272005632","1637205058197787512","update","1570686982926","2019-10-11 00:56:51","1570686982913","1","20191010"
"1646524518900597596","070489367cb74843b81f9e0b0c486eab","0","\N","1646524518889247623","1646971655976473790","11","11","2019-10-05 11:57:23","2019-10-10 10:24:26","1622976058723681043","1622976279300016623","1966446213885088000","京NM0D67","0","\N","0","0","0","\N","2019-10-05 12:02:25","1593521378449416192","2019-10-10 10:29:28","1","281479271809024","1622975955065651986","update","1570674568214","2019-10-11 00:56:51","1570674568208","1","20191010"
"1646527211349117017","cbe9c1aa82de46039ad500f2bb1bd01f","0","\N","1646527211319941032","1646968201840238834","11","11","2019-10-05 12:40:09","2019-10-10 09:29:30","1622806975950389359","1623009355293877619","1966441816161522176","京MM1359","0","\N","0","0","0","\N","2019-10-05 12:45:13","1593521378449416192","2019-10-10 09:34:34","1","281479271743488","1620806943859818498","update","1570671274112","2019-10-11 00:56:51","1570671274085","1","20191010"
"1646531253101228215","634c5272a79444d6a63e52a783a87ff1","0","\N","1646531247101269477","1646966518898827979","11","9","2019-10-05 13:44:17","2019-10-10 09:06:33","1623347515675672721","1623528746326829253","1966438107467665408","京L69805","0","\N","0","0","0","\N","2019-10-05 13:49:27","1593521378449416192","2019-10-10 09:07:49","1","281479271743488","1621183407596781693","update","1570669669107","2019-10-11 00:56:51","1570669669100","1","20191010"
"1646531930032522320","3f3c42f377d6414ea3dcf7e3d9d85583","0","\N","1646531930020993847","1646994783038415369","11","11","2019-10-05 13:55:10","2019-10-10 16:32:01","1636860605594472868","1636861547057431120","1979953194589524224","甘M3K077","0","\N","0","0","0","\N","2019-10-05 14:00:13","1593521378449416192","2019-10-10 16:37:03","1","281479272005632","1636857280853578132","update","1570696623898","2019-10-11 00:56:51","1570696623887","1","20191010"
"1646531933894253836","4eb1bda3732e4503aac938b0c68b4f53","0","\N","1646531933882884683","1646967947257523714","11","11","2019-10-05 13:55:15","2019-10-10 09:25:10","1637302323401856515","1637302348290902366","1966446353733685632","京NQ9A78","0","\N","0","0","0","\N","2019-10-05 14:00:17","1593521378449416192","2019-10-10 09:30:41","1","281479272005632","1637291840635540865","update","1570671041895","2019-10-11 00:56:51","1570671041890","1","20191010"
"1646533249470209877","3f0a5d07aefd4ceabe7c6ea7d755a611","0","\N","1646533231515620652","1646970788136167370","12","12","2019-10-05 14:15:49","2019-10-10 10:14:47","1637205703121310585","1637205919633428150","1966432609626509824","京KA8169","0","\N","0","0","0","\N","2019-10-05 14:21:11","1593521378449416192","2019-10-10 10:15:50","1","281479272005632","1637203004259701620","update","1570673750931","2019-10-11 00:56:51","1570673750925","1","20191010"
"1646535878558517005","f6223e6b9ede4310bbfbddc88c988d34","0","\N","1646535878546118487","1646957705720322347","11","11","2019-10-05 14:57:54","2019-10-10 06:42:41","1636662553509236800","1636662570587442208","1966410644635209984","京FBA527","0","\N","0","0","0","\N","2019-10-05 15:02:58","1593521378449416192","2019-10-10 06:47:44","1","281479272005632","1636656321351259008","update","1570661264221","2019-10-11 00:56:51","1570661264201","1","20191010"
"1646539939033989560","938f71740daf4cb982ba61743a9eef47","0","\N","1646539939023508711","1646956540611876216","12","12","2019-10-05 16:02:26","2019-10-10 06:28:45","1637372884035442383","1637372910566559647","1966419482073682304","京HC0888","0","\N","0","0","0","\N","2019-10-05 16:07:31","1593521378449416192","2019-10-10 06:29:13","1","281479272071168","1637371616380458681","update","1570660153093","2019-10-11 00:56:51","1570660153077","1","20191010"
"1646544717729330940","2477c759d1fb408289f5325fe7deda61","0","\N","1646544717720933923","1646968932204881546","9","9","2019-10-05 16:43:00","2019-10-10 09:44:45","1622903066501071596","1622903083756422427","1966428657723887872","京JN6347","0","\N","0","0","0","\N","2019-10-05 17:23:28","1593521378449416192","2019-10-10 09:46:10","1","281479271809024","1621247231206113540","update","1570671970618","2019-10-11 00:56:51","1570671970599","1","20191010"
"1646545068508222196","6d8fa127f3224a23a16e1a00f7f6d0b9","0","\N","1646545062415114320","1646970497580999844","12","9","2019-10-05 17:23:52","2019-10-10 09:58:06","1636128554653192757","1636735433092812798","1966446895220330752","京N6EZ17","0","\N","0","0","0","\N","2019-10-05 17:29:03","1593521378449416192","2019-10-10 10:11:03","1","281479272005632","1636128449978044980","update","1570673463483","2019-10-11 00:56:51","1570673463468","1","20191010"
"1646545635590706165","250e52f930334409ba3729f75485aa1c","0","\N","1646545635579339830","1646959990145897900","12","12","2019-10-05 17:33:00","2019-10-10 07:22:03","1621236939902435495","1622355138882408623","1966446213396467584","京NMY074","0","\N","0","0","0","\N","2019-10-05 17:38:03","1593521378449416192","2019-10-10 07:24:02","1","281479271809024","1621236720895803558","update","1570663442804","2019-10-11 00:56:51","1570663442797","1","20191010"
"1646547953818357428","a54278cac6944f4598cad31071dd9e44","0","\N","1646547953801583785","1646963799769296398","11","11","2019-10-05 18:09:52","2019-10-10 08:19:33","1621724205249495054","1622061737156896671","1966445801624605056","京NA04R8","0","\N","0","0","0","\N","2019-10-05 18:14:54","1593521378449416192","2019-10-10 08:24:35","1","281479271809024","1621239431020167350","update","1570667075964","2019-10-11 00:56:51","1570667075954","1","20191010"
"1646548518887397532","7ada0a018b4d481d8bc63446b43c8fa0","0","\N","1646548518876045277","1646969826494459502","12","9","2019-10-05 18:18:49","2019-10-10 09:07:22","1636854507057582394","1636854702314013728","1966455527848709888","京P195Z3","0","\N","0","0","0","\N","2019-10-05 18:23:53","1593521378449416192","2019-10-10 10:00:23","1","281479272005632","1636854458792677689","update","1570672823474","2019-10-11 00:56:51","1570672823464","1","20191010"
"1646551563341824028","b68f6a384a044d40987173b3201928ae","0","\N","1646551547112138989","1646968020289803513","11","11","2019-10-05 19:08:59","2019-10-10 09:28:37","1636941515753919003","1636941694781539593","1966446798558171264","京N32NN6","0","\N","0","0","0","0","2019-10-05 19:12:16","1593521378449416192","2019-10-10 09:31:40","1","281479271874560","1636941374525411866","update","1570671100963","2019-10-11 00:56:51","1570671100936","1","20191010"
"1646554432065586990","5526b2ca3d2c447ea87061171d6ee8e4","0","\N","1646554432052996437","1646959135476755162","11","9","2019-10-05 19:52:50","2019-10-10 06:15:40","1622626089486299225","1622638393280008868","1966446040802921984","京NHV551","0","\N","0","0","0","\N","2019-10-05 19:57:52","1593521378449416192","2019-10-10 07:10:27","1","281479271809024","1621246474194010363","update","1570662627733","2019-10-11 00:56:51","1570662627724","1","20191010"
"1646558415106512019","8ef160e3d32347529424defedac5c874","0","\N","1646558415096207043","1646992933542243851","11","11","2019-10-05 20:56:10","2019-10-10 16:02:38","1637299769537336819","1637303478860302871","1966454668303847936","京PC7Y89","0","\N","0","0","0","\N","2019-10-05 21:01:11","1593521378449416192","2019-10-10 16:07:40","1","281479272005632","1637291840635540865","update","1570694860079","2019-10-11 00:56:51","1570694860072","1","20191010"
"1646560173844417933","85261fcf9b8d47bfa3cc2baa7c186a5d","0","\N","1646560173829742475","1647012045639199186","11","11","2019-10-05 21:24:07","2019-10-10 21:06:25","1637382969502603134","1637383411539297782","1966446315687170432","京NPV888","0","\N","0","0","0","\N","2019-10-05 21:29:08","1593521378449416192","2019-10-10 21:11:26","1","281479272071168","1637371616380458681","update","1570713086802","2019-10-11 00:56:51","1570713086789","1","20191010"
"1646560998237833933","4a19355891864de38c4c42f2367280c3","0","\N","1646560998225423269","1646959251828845430","11","9","2019-10-05 21:37:12","2019-10-10 06:15:30","1621247317182005510","1621264803870629959","1966446727420989952","京N1TM69","0","\N","0","0","0","\N","2019-10-05 21:42:14","1593521378449416192","2019-10-10 07:12:18","1","281479271809024","1621246474194010363","update","1570662738703","2019-10-11 00:56:51","1570662738697","1","20191010"
"1646561522459776954","433c76d908d744fe9f265cadca4cd5ca","0","\N","1646561522448412101","1646966970572940772","11","11","2019-10-05 21:45:32","2019-10-10 09:09:58","1636860605594472868","1636861118095475220","1966459958109671680","京Q21657","0","\N","0","0","0","\N","2019-10-05 21:50:34","1593521378449416192","2019-10-10 09:14:59","1","281479272005632","1636857280853578132","update","1570670099863","2019-10-11 00:56:51","1570670099857","1","20191010"
"1646564208141834769","61027767517b439283e3b7b9adbfc057","0","\N","1646564208131516505","1647009702219702153","11","9","2019-10-05 22:28:12","2019-10-10 20:06:20","1622616169101935259","1622623838405659373","1966437007683522048","京LA8671","0","\N","0","0","0","\N","2019-10-05 22:33:16","1593521378449416192","2019-10-10 20:34:11","1","281479271743488","1622614835672924815","update","1570710851923","2019-10-11 00:56:51","1570710851916","1","20191010"
"1646564345406898469","1bb30c456eb7490b82ad4e51c08e6cf6","0","\N","1646564345394309333","1647008406610715059","11","9","2019-10-05 22:32:10","2019-10-10 19:56:20","1636658493724954630","1636658956823349729","1966446970384323072","京N820Z9","0","\N","0","0","0","\N","2019-10-05 22:35:27","1593521378449416192","2019-10-10 20:13:36","1","281479272005632","1636658439046959106","update","1570709616925","2019-10-11 00:56:51","1570709616333","1","20191010"
"1646567293245554660","11293e2929fe49d1a279c0a7d872e56e","0","\N","1646567293231913172","1647003792686522846","11","11","2019-10-05 23:19:16","2019-10-10 18:55:14","1636942240252826150","1636942279312328095","1966459886103908736","京Q0PB28","0","\N","0","0","0","\N","2019-10-05 23:22:18","1593521378449416192","2019-10-10 19:00:48","1","281479271874560","1636941374525411866","update","1570705248410","2019-10-11 00:56:51","1570705248396","1","20191010"
"1646568332687219789","a0113a9822c240d080ac13c648dc755f","0","\N","1646568332676913882","1646963779722620391","11","11","2019-10-05 23:33:45","2019-10-10 08:19:13","1637216285738276002","1637216301537216197","1966437659170017280","京LT3335","0","\N","0","0","0","\N","2019-10-05 23:38:49","1593521378449416192","2019-10-10 08:24:16","1","281479272005632","1637216137219019929","update","1570667056828","2019-10-11 00:56:51","1570667056821","1","20191010"
"1646568342422196144","bd85e50b7a5a43bc9643d35d7799190c","0","\N","1646568342415039200","1646960465404582099","9","11","2019-10-05 23:34:20","2019-10-10 07:26:34","1622062087597240341","1622062226214852322","1966459409687252736","京QM62H3","0","\N","0","0","0","\N","2019-10-05 23:38:58","1593521378449416192","2019-10-10 07:31:36","1","281479271809024","1621239431020167350","update","1570663896050","2019-10-11 00:56:51","1570663896039","1","20191010"
"1646597746263230144","8c44461edb9b4bf99322e79ce4eb419d","0","\N","1646597746257124045","1646966127269326572","9","11","2019-10-06 07:25:20","2019-10-10 08:56:33","1620629310836588595","1620629332315604019","2334585350527656576","鲁G5255警","1","\N","0","0","0","\N","2019-10-06 07:26:20","1593521378449416192","2019-10-10 09:01:35","1","281479271809024","1620627982328545330","update","1570669295636","2019-10-11 00:56:51","1570669295625","1","20191010"
"1646599100104002386","44a9d0433b7a4e1180be85369744301e","0","\N","1646599100092458969","1646972471926925225","11","11","2019-10-06 07:42:49","2019-10-10 10:37:24","1635590443881861463","1635590569993095423","1968659120616181888","冀E68A96","0","\N","0","0","0","\N","2019-10-06 07:47:51","1593521378449416192","2019-10-10 10:42:26","1","281479272005632","1635590291294130515","update","1570675346363","2019-10-11 00:56:51","1570675346351","1","20191010"
"1646606296218771058","dbcb7c9131d04ebb85e78e0065455b43","0","\N","1646606296211609705","1646960832658889799","9","11","2019-10-06 09:40:20","2019-10-10 07:32:24","1622361766248624195","1622361884543770945","1966454976157274496","京PL2E28","0","\N","0","0","0","\N","2019-10-06 09:42:14","1593521378449416192","2019-10-10 07:37:26","1","281479271809024","1621236720895803558","update","1570664246288","2019-10-11 00:56:51","1570664246283","1","20191010"
"1646612418644492650","d4ba6814f62c402999ca2abb97dbb423","0","\N","1646612418632963648","1646968354852643438","12","12","2019-10-06 11:14:28","2019-10-10 09:35:03","1636123342993494514","1636124373266644993","1966432850157244800","京KH8758","0","\N","0","0","0","\N","2019-10-06 11:19:33","1593521378449416192","2019-10-10 09:37:05","1","281479272005632","1636123224909156849","update","1570671425126","2019-10-11 00:56:51","1570671425116","1","20191010"
"1646614427728704037","6d80ce472a864038b60d33dd9d09fc5a","0","\N","1646614427719249622","1646960842023708311","11","11","2019-10-06 11:46:24","2019-10-10 07:32:31","1637216285738276002","1637216301975520996","1966441436325400576","京MBU385","0","\N","0","0","0","\N","2019-10-06 11:51:29","1593521378449416192","2019-10-10 07:37:35","1","281479272005632","1637216137219019929","update","1570664255231","2019-10-11 00:56:51","1570664255218","1","20191010"
"1646615334380991497","c86c1b007fb849fe8dfcfaca5cae00e2","0","\N","1646615334370485735","1646990100709319075","11","11","2019-10-06 12:02:50","2019-10-10 15:17:36","1636942240252826150","1636942279236830616","1966433434536988928","京KY9527","0","\N","0","0","0","\N","2019-10-06 12:05:53","1593521378449416192","2019-10-10 15:22:38","1","281479271874560","1636941374525411866","update","1570692158478","2019-10-11 00:56:51","1570692158462","1","20191010"
"1646616409713313185","915328507a584f88bbc6a23f6a6db686","0","\N","1646616409703001671","1646990109716586950","11","11","2019-10-06 12:17:57","2019-10-10 15:17:45","1621236939902435495","1622355138934087858","1966446898416472448","京N6QN68","0","\N","0","0","0","\N","2019-10-06 12:22:59","1593521378449416192","2019-10-10 15:22:47","1","281479271809024","1621236720895803558","update","1570692167084","2019-10-11 00:56:51","1570692167060","1","20191010"
"1646616960871076784","ed0ee186f4b5481d82b96c081e0904ef","0","\N","1646616960860772908","1646965002085410411","12","12","2019-10-06 12:26:42","2019-10-10 08:43:14","1637374523292128997","1637374676060258374","1966433603924054272","京K30787","0","\N","0","0","0","\N","2019-10-06 12:31:45","1593521378449416192","2019-10-10 08:43:42","1","281479271940096","1637373881900209884","update","1570668222570","2019-10-11 00:56:51","1570668222556","1","20191010"
"1646617806664009812","75f749b0748b4542995f1040d49f74d9","0","\N","1646617806652657738","1646939457682495209","11","11","2019-10-06 12:39:58","2019-10-10 01:52:35","1621240916238942407","1621240939709205851","1966460063040540928","京Q58TX7","0","\N","0","0","0","\N","2019-10-06 12:45:11","1593521378449416192","2019-10-10 01:57:41","1","281479271743488","1621235812324622500","update","1570643861534","2019-10-11 00:56:51","1570643861515","1","20191010"
"1646618220385962273","3dbb4e713b9045ed83578d409d5c11b1","0","\N","1646618220379853682","1646966177539108716","9","9","2019-10-06 11:36:30","2019-10-10 08:59:25","1637214495224501311","1637214522180289671","1966459236810821632","京QH20T5","0","\N","0","0","0","\N","2019-10-06 12:51:46","1593521378449416192","2019-10-10 09:02:23","1","281479272005632","1634136688099463229","update","1570669343563","2019-10-11 00:56:51","1570669343556","1","20191010"
"1646618730891479553","e5bc86d2feb44e49b22280ebdfa75878","0","\N","1646618730884313037","1647007957247667629","9","9","2019-10-06 11:36:30","2019-10-10 19:50:20","1637215011182613605","1637215035817903437","1966397453186420608","京CBK884","0","\N","0","0","0","\N","2019-10-06 12:59:53","1593521378449416192","2019-10-10 20:06:27","1","281479272005632","1634136688099463229","update","1570709187994","2019-10-11 00:56:51","1570709187978","1","20191010"
"1646619786936679501","9a5b5753131645ff88aa2c44d531f560","0","\N","1646619786926186152","1646932928273145556","12","12","2019-10-06 13:11:35","2019-10-10 00:11:16","1637401853291008301","1638849565406929219","1966454764156260480","京PFG876","0","\N","0","0","0","\N","2019-10-06 13:16:40","1593521378449416192","2019-10-10 00:20:48","1","281479271940096","1637400242828218620","update","1570638048949","2019-10-11 00:56:51","1570638048934","1","20191010"
"1646620896465338697","b6a1d3fda84a49f686637b06db7b81f7","0","\N","1646620859144417145","1646971027806038591","12","9","2019-10-06 13:28:11","2019-10-10 09:49:47","1620093339794686054","1620093368608490560","1966460097662078336","京Q69QC0","0","\N","0","0","0","0","2019-10-06 13:34:17","1593521378449416192","2019-10-10 10:19:29","1","281479271809024","1620093252615028837","update","1570673969182","2019-10-11 00:56:51","1570673969175","1","20191010"
"1646623292908204660","cbd63213c35d4036b979766acb52522e","0","\N","1646623292897712634","1646959153609793479","11","9","2019-10-06 14:07:21","2019-10-10 06:15:40","1622626089486299225","1622638393299182320","1966446793976123520","京N3LE16","0","\N","0","0","0","\N","2019-10-06 14:12:23","1593521378449416192","2019-10-10 07:10:45","1","281479271809024","1621246474194010363","update","1570662645020","2019-10-11 00:56:51","1570662645011","1","20191010"
"1646624001180398539","54a3ddaa5add4348a8714feb978f521c","0","\N","1646624001169893273","1646960856358804600","12","12","2019-10-06 14:18:33","2019-10-10 07:35:53","1621726446004224280","1621877001790948717","1966446628412363264","京NY8779","0","\N","0","0","0","\N","2019-10-06 14:23:39","1593521378449416192","2019-10-10 07:37:48","1","281479271809024","1621722953411477779","update","1570664268906","2019-10-11 00:56:51","1570664268885","1","20191010"
"1646625379697988287","91f748f5235b4845bb49c1277d366303","0","\N","1646625379686636080","1646966119463726807","11","11","2019-10-06 14:40:30","2019-10-10 08:56:25","1637393557089816598","1637393576972960663","1966455766208826752","京P810U0","0","\N","0","0","0","\N","2019-10-06 14:45:33","1593521378449416192","2019-10-10 09:01:34","1","281479271940096","1637393391130644496","update","1570669294988","2019-10-11 00:56:51","1570669294980","1","20191010"
"1646626044763604761","872c7bfbc5f04a7d93eda49e5328e8ee","0","\N","1646626044753305474","1646957867238775279","11","11","2019-10-06 14:51:06","2019-10-10 06:45:16","1637209099180053412","1637209141097975730","1966459204345056640","京QG9780","0","\N","0","0","0","\N","2019-10-06 14:56:08","1593521378449416192","2019-10-10 06:50:18","1","281479272005632","1637205058197787512","update","1570661418245","2019-10-11 00:56:51","1570661418238","1","20191010"
"1646627582780282619","ae59f7b139674e058bb965b0d0555eb3","0","\N","1646627582769963947","1646975211986049168","12","12","2019-10-06 15:15:30","2019-10-10 11:25:31","1622361766248624195","1622361884614336851","1966460199145738752","京Q93XZ9","0","\N","0","0","0","\N","2019-10-06 15:20:34","1593521378449416192","2019-10-10 11:25:59","1","281479271809024","1621236720895803558","update","1570677959557","2019-10-11 00:56:51","1570677959548","1","20191010"
"1646628275413154709","dfffe25d3dca4e4a8d50f5bf6eeb81b0","0","\N","1646628275401599041","1646961399245394145","11","11","2019-10-06 15:26:33","2019-10-10 07:41:22","1637377075434886893","1637377394214617372","1966446794506702848","京N3NB15","0","\N","0","0","0","\N","2019-10-06 15:31:35","1593521378449416192","2019-10-10 07:46:26","1","281479271940096","1637373881900209884","update","1570664786627","2019-10-11 00:56:51","1570664786618","1","20191010"
"1646629268260297272","671e84d0a53a4a618bf060011e2c78fa","0","\N","1646629268248932318","1646958428624332528","11","11","2019-10-06 15:42:20","2019-10-10 06:54:12","1637397133214224546","1637397180703230187","1966446588134429184","京NXM159","0","\N","0","0","0","\N","2019-10-06 15:47:22","1593521378449416192","2019-10-10 06:59:13","1","281479271940096","1637396321374179447","update","1570661953637","2019-10-11 00:56:51","1570661953616","1","20191010"
"1646629294919293507","2343f05111c54be8b7235a5b1fd94913","0","\N","1646629294907924503","1646985816239332806","11","9","2019-10-06 15:42:45","2019-10-10 14:13:15","1636945093064266365","1636945141154105371","1966446417682042496","京NSR312","0","\N","0","0","0","\N","2019-10-06 15:47:47","1593521378449416192","2019-10-10 14:14:32","1","281479271940096","1636943853711397456","update","1570688072482","2019-10-11 00:56:51","1570688072473","1","20191010"
"1646629345256180997","275a4d897468404380bf9e570b85d81e","0","\N","1646629345244815510","1646984374549045209","11","11","2019-10-06 15:43:32","2019-10-10 13:46:34","1637377715434297076","1637377766784156043","1966446759106776832","京N2JR13","0","\N","0","0","0","\N","2019-10-06 15:48:35","1593521378449416192","2019-10-10 13:51:37","1","281479271940096","1637373881900209884","update","1570686697648","2019-10-11 00:56:51","1570686697572","1","20191010"
"1646629517634928094","7918465acc3b4d7787aea7e19c9d6768","0","\N","1646629517626516026","1646964700097632820","9","9","2019-10-06 15:03:45","2019-10-10 08:27:55","1621236939902435495","1622355279668404411","1966455350939422720","京PWQ095","0","\N","0","0","0","\N","2019-10-06 15:51:20","1593521378449416192","2019-10-10 08:38:54","1","281479271809024","1621236720895803558","update","1570667934587","2019-10-11 00:56:51","1570667934575","1","20191010"
"1646629532006518121","965aae0c8c5642e9889f7a84be503336","0","\N","1646629523487007309","1646980418080954993","11","9","2019-10-06 15:46:22","2019-10-10 09:49:21","1635588952175546688","1635588990446520408","1966433262471926144","京KT8608","0","\N","0","0","0","\N","2019-10-06 15:51:33","1593521378449416192","2019-10-10 12:48:44","1","281479272005632","1635588691696685370","update","1570682924400","2019-10-11 00:56:51","1570682924389","1","20191010"
"1646629833322348936","1ec77a756c074dd0b504659d1e9951ad","0","\N","1646629833299272847","1646961995654439134","11","11","2019-10-06 15:51:19","2019-10-10 07:50:54","1637391682050332920","1637391887311225319","1966446934361575040","京N7WB12","0","\N","0","0","0","\N","2019-10-06 15:56:21","1593521378449416192","2019-10-10 07:55:55","1","281479271940096","1637388689193179224","update","1570665355407","2019-10-11 00:56:51","1570665355397","1","20191010"
"1646630574826029012","9c72729c1e7c4565b371ab4dfbba0702","0","\N","1646630574818677063","1646958527070952666","9","9","2019-10-06 15:02:20","2019-10-10 06:10:55","1637209269213991846","1637209299529420762","1966445940624035200","京NE6G30","0","\N","0","0","0","\N","2019-10-06 16:08:08","1593521378449416192","2019-10-10 07:00:47","1","281479272005632","1637208069973349283","update","1570662047515","2019-10-11 00:56:51","1570662047501","1","20191010"
"1646630641739857906","0ccfe241e7dc43b998d1b259eb182923","0","\N","1646630641728301787","1646979094598737490","11","11","2019-10-06 16:04:08","2019-10-10 12:22:17","1622418351377629743","1622789241024897799","1966429070843973888","京JZ9257","0","\N","0","0","0","\N","2019-10-06 16:09:12","1593521378449416192","2019-10-10 12:27:58","1","281479271743488","1621154995146604629","update","1570681678295","2019-10-11 00:56:51","1570681678291","1","20191010"
"1646631024397557094","0d6cdf7f974d4c2380718b49abc11b07","0","\N","1646631024387249405","1646971978630636235","11","11","2019-10-06 16:10:15","2019-10-10 10:29:34","1622621931282907831","1622621947838859798","1966442092658446848","京MU7769","0","\N","0","0","0","\N","2019-10-06 16:15:17","1593521378449416192","2019-10-10 10:34:35","1","281479271743488","1622619016330756768","update","1570674876000","2019-10-11 00:56:51","1570674875987","1","20191010"
"1646631852910134572","41dcf20f52aa43a99f1ba27d4b9cf1ca","0","\N","1646631852897543100","1646979965457880712","11","11","2019-10-06 16:23:25","2019-10-10 12:36:31","1622976720644621076","1622976801248643676","1966410996285705600","京FL4550","0","\N","0","0","0","\N","2019-10-06 16:28:27","1593521378449416192","2019-10-10 12:41:32","1","281479271809024","1622975955065651986","update","1570682492745","2019-10-11 00:56:51","1570682492736","1","20191010"
"1646633143556196215","529a7ca03e6d44478bf3ca9b67ad3cc7","0","\N","1646633143543616629","1646962571726379810","11","11","2019-10-06 16:43:55","2019-10-10 08:00:02","1621878692592501039","1621882062450460184","1966406215710232576","京EAN125","0","\N","0","0","0","\N","2019-10-06 16:48:58","1593521378449416192","2019-10-10 08:05:16","1","281479271809024","1621722953411477779","update","1570665916053","2019-10-11 00:56:51","1570665916046","1","20191010"
"1646633724634024059","c7933ade04e945c8bd00349418aad4cf","0","\N","1646633724621431155","1647000765669911326","11","11","2019-10-06 16:53:10","2019-10-10 18:07:07","1622807408806768734","1623009781206586773","1966446558027649536","京NW2H19","0","\N","0","0","0","\N","2019-10-06 16:58:12","1593521378449416192","2019-10-10 18:12:09","1","281479271743488","1620806943859818498","update","1570702329370","2019-10-11 00:56:51","1570702329365","1","20191010"
